Family,Genus,Species,pred,true
Geometridae,Ectropis,Ectropis arizanensis,1058.27182,1717.09090909091
Limacodidae,Monema,Monema rubriceps,335.358492222222,348.756756756757
Noctuidae,Chrysodeixis,Chrysodeixis eriosoma,695.8083675,675
Erebidae,Oxyodes,Oxyodes scrobiculata,496.934493703704,531.432203389831
Erebidae,Katha,Katha magnata magnata,666.617692857143,746.666666666667
Erebidae,Simplicia,Simplicia bimarginata,472.461660384615,489.234234234234
Erebidae,Olene,Olene dudgeoni,497.0342375,465.556291390729
Geometridae,Sarcinodes,Sarcinodes aequilinearia,710.0348,711.888888888889
Geometridae,Alcis,Alcis taiwanovariegata,1393.19416929825,1396.84175084175
Limacodidae,Cania,Cania heppneri,335.224801578947,339.144578313253
Erebidae,Zurobata,Zurobata vacillans,576.9106225,581.473684210526
Erebidae,Pseudosphetta,Pseudosphetta moorei,475.346026363636,389.285714285714
Geometridae,Psilalcis,Psilalcis pulveraria,651.115262727273,609.318181818182
Erebidae,Mocis,Mocis undata,400.784773636364,376.702127659574
Geometridae,Psilalcis,Psilalcis breta rantaizana,550.032031538462,455.776315789474
Lasiocampidae,Paradoxopla,Paradoxopla sinuata taiwana,1587.3282,1651.05
Geometridae,Lophophelma,Lophophelma taiwana,698.734821,699.119047619048
Erebidae,Spilarctia,Spilarctia subcarnea,281.879628823529,229.013513513514
Noctuidae,Spodoptera,Spodoptera litura,475.405504444445,476.313725490196
Erebidae,Tamba,Tamba taiwana,2241.937,2064.6
Crambidae,Botyodes,Botyodes principalis,1068.26246571429,1192.29411764706
Geometridae,Gasterocome,Gasterocome pannosaria orta,1231.52578571429,1241.6875
Crambidae,Crypsiptya,Crypsiptya coclesalis,271.614205555556,291.125
Noctuidae,Xylostola,Xylostola indistincta,998.303237142857,1005.36363636364
Erebidae,Eilema,Eilema ratonis,738.477943571429,682.392156862745
Crambidae,Pachynoa,Pachynoa thoosalis,254.2233975,271.357142857143
Geometridae,Comibaena,Comibaena procumbaria,438.403368,340.347826086956
Geometridae,Luxiaria,Luxiaria costinota,898.102362857143,893.6875
Geometridae,Cusiala,Cusiala boarmioides,462.412977857143,371.087719298246
Notodontidae,Dudusa,Dudusa synopla,555.85972,483.666666666667
Drepanidae,Habrosyne,Habrosyne indica formosana,1459.7444,1516.20338983051
Erebidae,Hesudra,Hesudra divisa,1298.98929285714,1295.26829268293
Crambidae,Cnaphalocrocis,Cnaphalocrocis medinalis,679.274616666667,953.75
Erebidae,Perina,Perina nuda,398.8880925,292.166666666667
Erebidae,Creatonotos,Creatonotos transiens vacillans,445.684425365854,295.406832298137
Euteliidae,Lophoptera,Lophoptera squammigera,531.413077272727,468.595238095238
Nolidae,Westermannia,Westermannia elliptica elliptica,372.042512307692,360.303571428571
Erebidae,Ischyja,Ischyja ferrifracta,618.15279,522.363636363636
Crambidae,Analthes,Analthes taihokualis,336.508996666667,324.09375
Erebidae,Avatha,Avatha chinensis,1462.90046153846,1507.01724137931
Nolidae,Kerala,Kerala lentiginosa,1727.282,1892.9
Geometridae,Celenna,Celenna festivaria formosensis,1353.40083333333,1383.90769230769
Erebidae,Asota,Asota egens indica,394.809068709677,424.687943262411
Limacodidae,Iraga,Iraga rugosa,410.757338888889,466.214285714286
Limacodidae,Parasa,Parasa shirakii,716.009732222222,681.041666666667
Erebidae,Chrysaeglia,Chrysaeglia magnifica,489.338199166667,512.559139784946
Noctuidae,Phlogophora,Phlogophora albovittata,1723.813725,1749.59259259259
Drepanidae,Tridrepana,Tridrepana arikana,803.1157275,793.172413793103
Geometridae,Aethalura,Aethalura duplicata,1167.3665,1157
Notodontidae,Hyperaeschrella,Semidonta kosemponica,706.636826666667,843
Geometridae,Traminda,Traminda aventiaria,377.428559615385,334.835526315789
Erebidae,Asota,Asota heliconia zebrina,410.817700921053,427.467866323907
Geometridae,Hydatocapnia,Hydatocapnia gemina,670.048096363636,644.652173913044
Noctuidae,Mythimna,Mythimna separata,842.13525,645.7
Erebidae,Hypena,Hypena sinuosa,1025.774715,1322
Notodontidae,Syntypistis,Syntypistis umbrosa,816.70495,707.2
Geometridae,Pelagodes,Pelagodes subquadraria,663.353021111111,609.75
Erebidae,Teulisna,Teulisna tumida,954.765593333333,989.272727272727
Erebidae,Vamuna,Vamuna alboluteora,1306.90465,1348.55102040816
Erebidae,Ericeia,Ericeia pertendens,349.0784,895
Noctuidae,Trisuloides,Trisuloides sugii,625.285,670
Erebidae,Barsine,Barsine ponlai,1704.475,1507.33333333333
Erebidae,Ercheia,Ercheia cyllaria,262.1479688,268.561983471074
Geometridae,Lassaba,Lassaba parvalbidaria parvalbidaria,1564.1453875,1660.69411764706
Erebidae,Hulodes,Hulodes caranea,457.023993333333,407.222222222222
Crambidae,Syllepte,Syllepte taiwanalis,293.11721,316.410714285714
Noctuidae,Karana,Karana gemmifera,1813.24065,1844.4
Notodontidae,Syntypistis,Syntypistis cyanea cyanea,480.093059230769,528.617021276596
Sphingidae,Dolbina,Dolbina inexacta,723.42938,716.555555555556
Lasiocampidae,Gastropacha,Gastropacha horishana,448.443126666667,462.791666666667
Limacodidae,Parasa,Parasa consocia,414.270318571429,421.238095238095
Nolidae,Manoba,Manoba major takasago,757.326094,523.7
Noctuidae,Callopistria,Callopistria japonibia,327.906033333333,264.9
Geometridae,Opisthograptis,Opisthograptis punctilineata,1791.82885,1947.55
Drepanidae,Neotogaria,Neotogaria saitonis saitonis,1555.86453333333,1496.66666666667
Erebidae,Aroana,Aroana baliensis,728.0579,471.571428571429
Erebidae,Blasticorhinus,Blasticorhinus rivulosa,337.520240625,307.764705882353
Geometridae,Cleora,Cleora fraterna,1037.100615625,1068.95081967213
Drepanidae,Demopsestis,Demopsestis formosana,1752.4291,2091
Noctuidae,Dipterygina,Dipterygina indica,962.01206,1089.57142857143
Drepanidae,Albara,Albara reversaria opalescens,548.364617142857,570.964285714286
Geometridae,Hydrelia,Hydrelia bicolorata,1727.0473,1946.44444444444
Erebidae,Lyclene,Lyclene arcuata,384.5398585,378.618421052632
Erebidae,Eospilarctia,Eospilarctia formosana,2135.03946666667,2278.625
Erebidae,Lymantria,Lymantria mathura subpallida,364.753177727273,394.336734693878
Erebidae,Hypena,Hypena lignealis,1015.1853925,1303.89473684211
Geometridae,Tyloptera,Tyloptera bella ogatai,1312.15698333333,1479.5
Crambidae,Hymenia,Hymenia perspectalis,334.07364,312.8
Geometridae,Comibaena,Comibaena delicatior,691.7797,749.833333333333
Geometridae,Idaea,Idaea sugillata,1865.405725,1963
Erebidae,Mosopia,Mosopia punctilinea,521.005907142857,544.481481481482
Tortricidae,Isodemis,Isodemis serpentinana,579.13512,317.5
Drepanidae,Oreta,Oreta brunnea,1485.707425,1892.8
Noctuidae,Chrysodeixis,Chrysodeixis heberachis,448.352445238095,456.505050505051
Geometridae,Chorodna,Chorodna creataria,687.972981666667,674.172839506173
Erebidae,Gymnasura,Gymnasura semilutea,1037.4836,1230.57142857143
Noctuidae,Callopistria,Callopistria maillardi maillardi,778.352278125,754.871794871795
Geometridae,Lobogonodes,Lobogonodes dactylotypa,792.7283,1022.5
Erebidae,Adrapsa,Adrapsa simplex,588.803948333333,683.84
Pyralidae,Orybina,Orybina flaviplaga,1344.955125,1390
Noctuidae,Panolis,Panolis variegatoides,1927.7925,2127.95652173913
Notodontidae,Syntypistis,Syntypistis subgeneris subgeneris,633.6853275,522.1
Geometridae,Hypocometa,Hypocometa clauda,2015.24043333333,2129.53333333333
Noctuidae,Aedia,Aedia lichenea,350.9406,422.666666666667
Saturniidae,Antheraea,Antheraea formosana,888.2142,955.7
Bombycidae,Triuncina,Triuncina brunnea,910.893634545454,953.553571428571
Erebidae,Parallelia,Parallelia stuposa,252.54783,173.846153846154
Erebidae,Asota,Asota plana lacteata,378.972575882353,396.142857142857
Erebidae,Lygniodes,Lygniodes hypoleuca,837.398015,907
Geometridae,Lophophleps,Lophophleps purpurea,297.740613333333,256.111111111111
Geometridae,Paradarisa,Paradarisa chloauges chloauges,1358.2868,1206.42105263158
Crambidae,Agrioglypta,Agrioglypta itysalis,252.467948666667,295.677966101695
Geometridae,Menophra,Menophra anaplagiata,1223.24147272727,1124.72222222222
Noctuidae,Trisuloides,Trisuloides sericea,590.429335,646.586206896552
Erebidae,Anisoneura,Anisoneura salebrosa,540.6728875,495.5625
Erebidae,Sympis,Sympis rufibasis,252.435684761905,263.49504950495
Noctuidae,Chrysodeixis,Chrysodeixis taiwani,1176.38285,1430.09090909091
Noctuidae,Condica,Condica albigutta,253.02567,572.666666666667
Geometridae,Corymica,Corymica spatiosa,657.58843,656.229508196721
Erebidae,Pangrapta,Pangrapta plumbilineata,513.71247,583.8125
Noctuidae,Athetis,Athetis stellata,765.1396,788.133333333333
Notodontidae,Syntypistis,Syntypistis comatus,1311.0404375,1486.09090909091
Notodontidae,Harpyia,Harpyia formosicola,1691.039725,1736.6
Geometridae,Mesastrape,Mesastrape fulguraria fulguraria,1097.6929,1106.42857142857
Limacodidae,Susica,Susica sinensis,343.168616666667,356
Notodontidae,Cnethodonta,Cnethodonta grisescens baibarana,1108.81925,1104.73684210526
Drepanidae,Tethea,Tethea oberthueri taiwana,1487.78836,1519.79591836735
Noctuidae,Arcte,Arcte coerula,1067.473525,1136
Geometridae,Abaciscus,Abaciscus alishanensis,893.94135,1070.28571428571
Erebidae,Asota,Asota caricae,488.383374,526.05
Crambidae,Tyspanodes,Tyspanodes hypsalis,579.360345,618.7
Limacodidae,Thosea,Thosea sinensis,357.606982,390.3125
Geometridae,Hyposidra,Hyposidra talaca talaca,338.735956,335.537572254335
Erebidae,Aglaomorpha,Aglaomorpha histrio formosana,475.374263333333,482.375
Geometridae,Percnia,Percnia luridaria nominoneura,744.68351,652.894736842105
Geometridae,Problepsis,Problepsis albidior matsumurai,677.64325,677.8125
Erebidae,Bocula,Bocula diffisa,406.1113,470.095238095238
Endromidae,Prismosticta,Prismosticta fenestrata,1036.89295111111,1095.46666666667
Erebidae,Herminia,Herminia grisealis,383.83762,1002
Erebidae,Hydrillodes,Hydrillodes lentalis,754.95044,448.111111111111
Notodontidae,Syntypistis,Syntypistis viridipicta,446.277087272727,456.434782608696
Noctuidae,Callyna,Callyna jugaria,477.764732,323.947368421053
Erebidae,Euproctis,Euproctis kanshireia,335.639594545455,347.8
Geometridae,Plesiomorpha,Plesiomorpha flaviceps,332.5773,245
Erebidae,Tamba,Tamba lala,348.31423,358.363636363636
Geometridae,Agaraeus,Agaraeus discolor,809.03625,767.666666666667
Sphingidae,Theretra,Theretra nessus,839.9619,959.5
Geometridae,Chiasmia,Chiasmia monticolaria notia,638.767926363636,673.75
Erebidae,Lemyra,Lemyra fallaciosa,1067.914175,1356.78947368421
Noctuidae,Diphtherocome,Diphtherocome pulchra,1600.66968,1705.22580645161
Noctuidae,Condica,Condica serva,423.533735,330.615384615385
Erebidae,Hypena,Hypena tenebralis,1326.78761833333,1756.02380952381
Geometridae,Macaria,Macaria abydata,269.922232222222,199
Erebidae,Spilarctia,Spilarctia wilemani,887.183826111111,946.913043478261
Geometridae,Palpoctenidia,Palpoctenidia phoenicosoma semilauta,966.83057,1640.8
Erebidae,Thyas,Thyas juno,1073.556825,1136.33333333333
Crambidae,Glauconoe,Glauconoe deductalis,362.3488,387.142857142857
Geometridae,Chorodna,Chorodna ochreimacula,622.17853,597.333333333333
Erebidae,Bastilla,Bastilla acuta acuta,1093.575715,1367.33333333333
Limacodidae,Scopelodes,Scopelodes contractus,516.00574,359.857142857143
Noctuidae,Aedia,Aedia leucomelas,576.353773333333,607.947368421053
Erebidae,Simplicia,Simplicia discosticta,531.65295,203.4
Geometridae,Acolutha,Acolutha pictaria imbecilla,888.316063333333,1144.25
Erebidae,Chrysorabdia,Chrysorabdia vilemani,1844.597575,1886.46153846154
Erebidae,Adrapsa,Adrapsa quadrilinealis,218.881918,274.76
Erebidae,Stigmatophora,Stigmatophora tridens,1073.9929,1220
Erebidae,Hypospila,Hypospila bolinoides,504.878519230769,500.852112676056
Geometridae,Pseudocollix,Pseudocollix hyperythra catalalia,399.3694,610.666666666667
Erebidae,Macaldenia,Macaldenia palumba,351.112988333333,398.045454545455
Notodontidae,Dudusa,Dudusa nobilis,609.932791818182,611.235294117647
Noctuidae,Callopistria,Callopistria repleta,1227.5695,1354.38461538462
Geometridae,Alcis,Alcis admissaria undularia,1610.08351818182,1815.39534883721
Noctuidae,Axylia,Axylia putris triseriata,1378.48584,1387.5
Noctuidae,Orthosia,Orthosia alishana,2097.673,1976.375
Erebidae,Avatha,Avatha bipartita,229.515136666667,244.523809523809
Nolidae,Carea,Carea internifusca,850.525866,703.857142857143
Erebidae,Metaemene,Metaemene hampsoni,634.4909,742.571428571429
Erebidae,Daddala,Daddala lucilla,1309.21540476191,1315.40707964602
Sphingidae,Marumba,Marumba cristata bukaiana,1003.49988777778,963.333333333333
Erebidae,Bastilla,Bastilla absentimacula,248.598947142857,290.788461538462
Geometridae,Hydrelia,Hydrelia enisaria,1746.0387,1706
Erebidae,Hypersypnoides,Hypersypnoides punctosa,1185.71135,1198.46666666667
Nolidae,Nola,Nola lucidalis nephodes,344.40622,253.25
Erebidae,Ommatophora,Ommatophora luminosa,641.831645,660.044444444445
Uraniidae,Dysaethria,Dysaethria suisharyonis,1375.0666,2206.14285714286
Erebidae,Ischyja,Ischyja manlia,857.2032,1034.94117647059
Pyralidae,Endotricha,Endotricha consocia,280.68756,283.153846153846
Erebidae,Hypena,Hypena taiwana,898.407154,697.428571428571
Erebidae,Barsine,Barsine callorufa,1633.4093,2150.33333333333
Sphingidae,Ambulyx,Ambulyx ochracea,863.64025,795.125
Erebidae,Conilepia,Conilepia nigricosta paiwan,459.832797777778,429.72
Geometridae,Krananda,Krananda latimarginaria,487.5741725,493.142857142857
Crambidae,Herpetogramma,Herpetogramma luctuosalis,418.577306666667,483.620689655172
Noctuidae,Diarsia,Diarsia subtincta,1759.4834,1821.5
Erebidae,Calliteara,Calliteara taiwana,1367.7691,1320.375
Erebidae,Euproctis,Euproctis marginata insulata,1837.626,1923.76470588235
Brahmaeidae,Brahmaea,Brahmaea wallichii insulata,1519.7168,1598
Noctuidae,Lithopolia,Lithopolia confusa confusa,1538.89832,1420
Noctuidae,Diarsia,Diarsia formosensis,2000.64783333333,1946.28571428571
Noctuidae,Tambana,Tambana subflava,1707.14285,1756.14285714286
Geometridae,Ecliptopera,Ecliptopera muscicolor allobathra,1921.7764,1981.5
Erebidae,Oraesia,Oraesia excavata,656.47235,614.857142857143
Geometridae,Heterolocha,Heterolocha coccinea,808.08838,803.305555555556
Geometridae,Tanaorhinus,Tanaorhinus viridiluteata,1026.97233833333,1090
Geometridae,Menophra,Menophra nakajimai,1223.6466,1811.33333333333
Noctuidae,Euplexia,Euplexia chlorerythra,1892.9347,2138.75
Geometridae,Heterothera,Heterothera sororcula,2140.58796666667,2237.33333333333
Noctuidae,Mythimna,Mythimna sinuosa,1327.0089,1526.36842105263
Drepanidae,Oreta,Oreta fuscopurpurea,687.885884285714,687.967741935484
Cosmopterigidae,Syntomaula,Syntomaula simulatella,426.67758,245
Sphingidae,Rhagastis,Rhagastis binoculata,506.725808666667,462.939024390244
Geometridae,Antitrygodes,Antitrygodes divisaria perturbatus,352.527493333333,388.766666666667
Bombycidae,Bombyx,Bombyx mandarina formosana,390.408285,383.558823529412
Sphingidae,Acosmeryx,Acosmeryx naga naga,1082.57908333333,1164.19607843137
Geometridae,Zanclopera,Zanclopera falcata,467.321947777778,393.702127659574
Drepanidae,Strepsigonia,Strepsigonia diluta takamukui,521.827346666667,408.666666666667
Pyralidae,Arippara,Arippara indicator,245.18016,189.6
Erebidae,Cerynea,Cerynea igniaria,328.35376,313.2
Geometridae,Agathia,Agathia laetata,446.61791,479.666666666667
Erebidae,Fodina,Fodina contigua,250.0436,284.458333333333
Erebidae,Spilarctia,Spilarctia alba kikuchii,1184.36145,1163.5
Drepanidae,Nordstromia,Nordstromia semililacina,1700.10791666667,1672.02857142857
Nolidae,Blenina,Blenina chlorophila,1274.97843333333,1561.5
Tortricidae,Cryptophlebia,Cryptophlebia repletana,406.48244,367.5
Erebidae,Nechesia,Nechesia albodentata,308.4918725,273.666666666667
Sphingidae,Callambulyx,Callambulyx tatarinovii formosana,588.922418,680.611111111111
Notodontidae,Notodonta,Notodonta griseotincta,1852.93063333333,1906.56140350877
Erebidae,Mocis,Mocis frugalis,215.604517272727,203.325581395349
Geometridae,Eilicrinia,Eilicrinia flava,422.561631428572,423.189189189189
Geometridae,Myrioblephara,Myrioblephara fenchihuana,1510.8915,1665.75
Geometridae,Tanaorhinus,Tanaorhinus formosana,1197.2201,1371
Notodontidae,Tarsolepis,Tarsolepis taiwana,1159.23825,1131.84615384615
Drepanidae,Horithyatira,Horithyatira decorata takamukui,1732.025705,1761.475
Limacodidae,Phlossa,Phlossa conjuncta,324.261226666667,290.545454545455
Erebidae,Hipoepa,Hipoepa biasalis,317.9232325,311.961538461538
Erebidae,Pida,Pida postalba,1522.9408,2085.875
Geometridae,Biston,Biston perclara,611.064422222222,649.241379310345
Geometridae,Comostola,Comostola pyrrhogona,673.31125,745.333333333333
Erebidae,Barsine,Barsine sauteri,474.774650588235,538.467391304348
Noctuidae,Callyna,Callyna semivitta,888.282032,693.190476190476
Geometridae,Krananda,Krananda oliveomarginata,540.000138,515
Erebidae,Lymantria,Lymantria sugii,1586.0479,1146.66666666667
Noctuidae,Conistra,Conistra takasago,2137.3262,1950.66666666667
Erebidae,Euproctis,Euproctis magna,836.26378,918.857142857143
Noctuidae,Callopistria,Callopistria duplicans,875.540215,554.5
Geometridae,Ourapteryx,Ourapteryx changi,1420.6487,1526
Drepanidae,Drepana,Drepana pallida nigromaculata,1224.41826,1273.88235294118
Erebidae,Brunia,Brunia antica,450.80466,317.363636363636
Notodontidae,Allodontoides,Allodontoides tenebrosa,507.00128,397.294117647059
Erebidae,Mecodina,Mecodina albodentata,254.04073,268.487804878049
Erebidae,Nyctemera,Nyctemera carissima formosana,461.766797272727,502.854545454546
Noctuidae,Euromoia,Euromoia subpulchra,1492.8295,1727
Geometridae,Alcis,Alcis pallens,2229.5469,2303
Erebidae,Bastilla,Bastilla fulvotaenia,294.751527777778,288.826086956522
Geometridae,Xenoplia,Xenoplia trivialis,1365.0656,1406.09523809524
Crambidae,Maruca,Maruca amboinalis,817.1273,509.714285714286
Geometridae,Hypomecis,Hypomecis punctinalis glos,504.94384125,236.939393939394
Geometridae,Parectropis,Parectropis subflava,1609.16474,1799.21052631579
Erebidae,Euproctis,Euproctis purpureofasciata,1684.4920125,2024.55
Lasiocampidae,Odonestis,Odonestis bheroba formosae,726.06442,724.285714285714
Noctuidae,Antha,Antha grata,1012.0597,603
Notodontidae,Rachia,Rachia lineata,1507.0374,1670.71428571429
Geometridae,Percnia,Percnia longitermen,710.806656923077,692.533333333333
Lasiocampidae,Lebeda,Lebeda nobilis,520.116485,452.357142857143
Noctuidae,Fascionycta,Fascionycta fasciata,766.071228571429,724.206896551724
Crambidae,Glyphodes,Glyphodes chilka,802.9364,1230.33333333333
Geometridae,Hypochrosis,Hypochrosis rufescens,1915.1063,1844.69565217391
Limacodidae,Narosoideus,Narosoideus flavidorsalis,602.526924444444,678.175
Erebidae,Metaphoenia,Metaphoenia incongrualis,310.0433,302.714285714286
Noctuidae,Cyclodes,Cyclodes omma,338.579166666667,397.444444444444
Crambidae,Ceratarcha,Ceratarcha umbrosa,434.705998333333,431.627450980392
Crambidae,Pygospila,Pygospila tyres,1248.17913333333,1353.41666666667
Geometridae,Odontopera,Odontopera albiguttulata,1964.17611666667,1947.20588235294
Erebidae,Cidariplura,Cidariplura shanmeii,463.1911,570.285714285714
Notodontidae,Higena,Higena trichosticha,745.80066,491
Erebidae,Ercheia,Ercheia niveostrigata,1100.59205666667,486.181818181818
Geometridae,Tasta,Tasta argozana,1023.8752,1078.6
Cossidae,Polyphagozerra,Polyphagozerra coffeae,715.24947,398.3
Geometridae,Lophobates,Lophobates inchoata,718.514142,709.620689655172
Erebidae,Asura,Asura tricolor,394.896744545455,438.9375
Erebidae,Cosmophila,Cosmophila lyona,442.103196,471.230769230769
Erebidae,Lyclene,Lyclene alikangiae,700.111612941177,711.208791208791
Geometridae,Sarcinodes,Sarcinodes yeni,794.8972775,815.296296296296
Noctuidae,Tiracola,Tiracola plagiata,1090.79885740741,1161.46875
Erebidae,Hemipsilia,Hemipsilia coavestis,2114.72326666667,2218.89473684211
Erebidae,Scedopla,Scedopla umbrosa,431.48608,418.44
Erebidae,Episparis,Episparis taiwana,491.105335,523.615384615385
Noctuidae,Dipterygina,Dipterygina cupreotincta,901.153988,923.15
Erebidae,Artena,Artena dotata,555.01319,543.901408450704
Noctuidae,Orthosia,Orthosia reticulata fuscovestita,2007.23595,2280
Cossidae,Xyleutes,Xyleutes strix,419.69584,311.08
Erebidae,Siccia,Siccia taiwana,661.16284,772
Erebidae,Hypena,Hypena cyanea,896.76746,1217.2
Geometridae,Amraica,Amraica asahinai,880.373925,1004
Drepanidae,Tridrepana,Tridrepana unispina,821.2282175,864.611111111111
Erebidae,Barsine,Barsine fuscozonata,1678.7228,1635.51351351351
Lasiocampidae,Euthrix,Euthrix laeta,546.86284,549.307692307692
Euteliidae,Lophoptera,Lophoptera nama,378.364575,408.333333333333
Drepanidae,Microblepsis,Microblepsis violacea,917.233844,1023.57575757576
Geometridae,Harutalcis,Harutalcis fumigata,1889.6779875,1848.65714285714
Noctuidae,Xylopolia,Xylopolia fulvireniforma,2029.2798,2006.53333333333
Sphingidae,Rhagastis,Rhagastis castor formosana,708.787516666667,748.071428571429
Geometridae,Ourapteryx,Ourapteryx yerburii virescens,1072.50385,749.888888888889
Erebidae,Simplicia,Simplicia xanthoma,493.5249,783.714285714286
Lasiocampidae,Kunugia,Kunugia undans metanastroides,1308.56412,1313.26086956522
Erebidae,Serrodes,Serrodes campana,710.783884444445,700.744186046512
Noctuidae,Anacronicta,Anacronicta nitida,862.25725,1293.5
Geometridae,Menophra,Menophra humeraria,1108.5041,1403.66666666667
Erebidae,Syntomoides,Syntomoides imaon,448.546795,383.117647058823
Erebidae,Aroa,Aroa substrigosa,259.603695714286,250.150943396226
Erebidae,Gonitis,Gonitis mesogona,445.613232,469.756097560976
Geometridae,Fascellina,Fascellina chromataria,521.16455,535.096045197741
Noctuidae,Elusa,Elusa ustula,377.77969,363.441176470588
Erebidae,Hypena,Hypena longipennis,1293.11558461538,1487.93333333333
Erebidae,Erebus,Erebus ephesperis,379.89093625,360.068965517241
Sphingidae,Cechetra,Cechetra lineosa,1291.50343333333,1425.88235294118
Erebidae,Metaemene,Metaemene atrigutta,216.595092857143,270.9
Saturniidae,Actias,Actias ningpoana ningtaiwana,710.13405,810.047619047619
Erebidae,Hypocala,Hypocala deflorata,893.625919,962.837209302326
Crambidae,Heortia,Heortia vitessoides,385.955173333333,376.277777777778
Geometridae,Ectropis,Ectropis bhurmitra,399.392918,298.842105263158
Noctuidae,Alloasteropetes,Alloasteropetes paradisea,1231.1335,670
Geometridae,Chiasmia,Chiasmia intermediaria,519.61446,436.75
Geometridae,Pseudomiza,Pseudomiza aurata,2065.6213125,2114.93103448276
Geometridae,Monocerotesa,Monocerotesa virgata,1071.7551,1037.2
Crambidae,Pagyda,Pagyda nebulosa,2011.8562,2245.125
Geometridae,Pylargosceles,Pylargosceles steganioides limbaria,702.52279,348.333333333333
Geometridae,Xanthorhoe,Xanthorhoe saturata,640.55224,368.186046511628
Erebidae,Macrobrochis,Macrobrochis gigas,379.615313333333,420.119047619048
Geometridae,Phthonandria,Phthonandria atrilineata cuneilinearia,590.610636666667,287.444444444444
Geometridae,Ziridava,Ziridava kanshireiensis,592.741305,547.892857142857
Erebidae,Parolulis,Parolulis renalis,435.785831666667,405.052631578947
Crambidae,Pleuroptya,Pleuroptya deficiens,875.2423,978.526315789474
Erebidae,Bastilla,Bastilla arcuata,347.758014,360.684210526316
Geometridae,Garaeus,Garaeus apicata formosanus,1027.28871888889,1119.97674418605
Psychidae,Eumeta,Eumeta pryeri,412.608603333333,398.782608695652
Noctuidae,Microxyla,Microxyla confusa,315.58433,356.833333333333
Eupterotidae,Palirisa,Palirisa cervina formosana,1741.3494,1736.30769230769
Geometridae,Arichanna,Arichanna pryeraria,1837.4818,1858.86666666667
Erebidae,Churinga,Churinga virago,1835.00431666667,1887.84615384615
Erebidae,Diduga,Diduga flavicostata,258.16068,204.333333333333
Erebidae,Garudinia,Garudinia bimaculata,292.088441666667,277.809523809524
Sphingidae,Neogurelca,Neogurelca hyas,763.3495,228.5
Zygaenidae,Eterusia,Eterusia aedea formosana,367.707873333333,381.473684210526
Erebidae,Medama,Medama diplaga,794.26536,769.454545454546
Geometridae,Luxiaria,Luxiaria mitorrhaphes,891.042963636364,861.983870967742
Geometridae,Episteira,Episteira sp,703.476,322
Noctuidae,Euplexidia,Euplexidia exotica,1606.34516666667,1779.22222222222
Drepanidae,Oreta,Oreta insignis,708.31418375,687.757575757576
Noctuidae,Dypterygia,Dypterygia subfusca,1142.18553333333,1262.75
Crambidae,Paracymoriza,Paracymoriza cataclystalis,1154.82975,1281.875
Limacodidae,Ceratonema,Ceratonema wilemani,420.326,115.666666666667
Limacodidae,Setora,Setora postornata,398.998506666667,334.642857142857
Erebidae,Lymantria,Lymantria concolor concolor,1530.36301666667,1741.29787234043
Geometridae,Plagodis,Plagodis reticulata,1788.13625,2179
Erebidae,Hydrillodes,Hydrillodes torsivena,1189.96395,1512.64705882353
Notodontidae,Benbowia,Benbowia takamukuanus,957.7717,1052.4
Nolidae,Camptoloma,Camptoloma carum,611.2959,507
Erebidae,Hypersypnoides,Hypersypnoides formosensis,1366.9836,1716.71428571429
Crambidae,Mabra,Mabra nigriscripta,307.82867,428.428571428572
Geometridae,Chiasmia,Chiasmia eleonora,755.578338333333,750.483870967742
Noctuidae,Maliattha,Maliattha signifera,355.316785,330.571428571429
Pyralidae,Teliphasa,Teliphasa albifusa,446.479896,308.083333333333
Crambidae,Nevrina,Nevrina procopia,576.516497333333,600.25974025974
Lasiocampidae,Paralebeda,Paralebeda femorata mirabilis,686.823533333333,653
Erebidae,Creatonotos,Creatonotos gangis,51.08765828,142.388888888889
Erebidae,Plusiodonta,Plusiodonta coelonota,363.815889166667,334.029411764706
Notodontidae,Tarsolepis,Tarsolepis japonica,773.966975,766.121212121212
Pyralidae,Calguia,Calguia defiguralis,697.6762,588.666666666667
Drepanidae,Habrosyne,Habrosyne pterographa,1939.21633333333,2054.6
Noctuidae,Extremoplusia,Extremoplusia megaloba,836.297,584
Erebidae,Areas,Areas galactina formosana,563.526825,585.5
Crambidae,Nacoleia,Nacoleia charesalis,331.23578,312.5
Geometridae,Maxates,Maxates sinuolata,1704.81745,1882.75
Noctuidae,Acronicta,Acronicta intermedia,1003.48285,785
Sphingidae,Amplypterus,Amplypterus mansoni takamukui,713.34025,809.375
Erebidae,Pilipectus,Pilipectus taiwanus,1844.3118,2019.42857142857
Erebidae,Ilema,Ilema olivacea,486.0841475,539.170212765957
Erebidae,Rusicada,Rusicada combinans,799.148366666667,825.142857142857
Noctuidae,Plusiopalpa,Plusiopalpa adrasta shisa,813.6226,906.666666666667
Geometridae,Paradarisa,Paradarisa comparataria rantaizanensis,1740.90843333333,2095
Geometridae,Alcis,Alcis scortea,1927.6799,2061.91666666667
Noctuidae,Callyna,Callyna monoleuca,542.556796,494.895833333333
Geometridae,Perizoma,Perizoma fasciaria,479.008,483.384615384615
Notodontidae,Pheosiopsis,Pheosiopsis cinerea formosana,1222.69101,1303.28571428571
Pyralidae,Lista,Lista insulsalis,925.7794,622.769230769231
Geometridae,Heterolocha,Heterolocha marginata,2117.89735,2330.66666666667
Geometridae,Peratostega,Peralostega deletaria deletaria,661.15329,666.76
Geometridae,Calicha,Calicha griseoviridata,1941.2758,1712.5
Geometridae,Argyrocosma,Argyrocosma inductaria,480.301275,499
Noctuidae,Spodoptera,Spodoptera mauritia acronyctoides,955.55505,1122.2
Pyralidae,Teliphasa,Teliphasa nubilosa,643.543358571429,690.709677419355
Noctuidae,Athetis,Athetis stellulata,572.151178571429,737.090909090909
Erebidae,Simplicia,Simplicia niphona,563.9044575,581
Erebidae,Hypersypnoides,Hypersypnoides submarginata,1199.922866,1699.27586206897
Crambidae,Circobotys,Circobotys aurealis,353.39551,377.083333333333
Drepanidae,Tethea,Tethea consimilis c-album,1590.0592,1595.54545454545
Sphingidae,Ampelophaga,Ampelophaga rubiginosa myosotis,792.731422857143,878
Geometridae,Myrioblephara,Myrioblephara simplaria simplaria,1472.96373333333,1628.9
Drepanidae,Epipsestis,Epipsestis meilingchani,2183.01392,2268.85714285714
Geometridae,Ecliptopera,Ecliptopera benigna,638.34766,680.285714285714
Geometridae,Hypomecis,Hypomecis cineracea,976.95337,812.428571428571
Erebidae,Erygia,Erygia apicalis,490.867492,428.826086956522
Nolidae,Blenina,Blenina quinaria,1391.37043076923,1413.97222222222
Geometridae,Yashmakia,Yashmakia suffusa,560.520122857143,603
Erebidae,Sypnoides,Sypnoides pannosa,1291.9843,1363.33333333333
Erebidae,Cyana,Cyana hamata hamata,529.56751,502
Crambidae,Cotachena,Cotachena pubescens,854.41235,911.363636363636
Limacodidae,Flavinarosa,Flavinarosa obscura,390.13824,427.666666666667
Crambidae,Eoophyla,Eoophyla conjunctalis,565.16953,602.703703703704
Geometridae,Menophra,Menophra taiwana,827.95926,742.785714285714
Noctuidae,Stigmoctenoplusia,Stigmoctenoplusia aeneofusa,777.192,919
Geometridae,Martania,Martania taiwana,2147.209575,2289.88888888889
Noctuidae,Mythimna,Mythimna yu,508.21891,334.4
Geometridae,Tanaoctenia,Tanaoctenia haliaria,1805.39195454545,1812.02564102564
Thyrididae,Striglina,Sonagara strigipennis,958.00885,928.777777777778
Notodontidae,Neopheosia,Neopheosia fasciata fasciata,973.805765,992.333333333333
Erebidae,Lemyra,Lemyra imparilis,454.16742,450.111111111111
Geometridae,Entomopteryx,Entomopteryx combusta,441.635753333333,386.173913043478
Geometridae,Krananda,Krananda semihyalina,1236.64347826087,1265.83962264151
Geometridae,Dindica,Dindica taiwana,1243.066,1317.79487179487
Geometridae,Dindica,Dindica kishidai,1043.112332,1014.64705882353
Sphingidae,Cechetra,Cechetra minor,591.454723333333,594.958333333333
Geometridae,Sarcinodes,Sarcinodes yayeyamana,626.6207375,596.464285714286
Erebidae,Erebus,Erebus caprimulgus,803.85893,746.4
Notodontidae,Acmeshachia,Acmeshachia gigantea,1557.26248,1585.21428571429
Erebidae,Euproctis,Euproctis croceola,1081.38754,1313.5
Noctuidae,Mythimna,Mythimna subplacida,658.1460525,459.235294117647
Erebidae,Bastilla,Bastilla praetermissa,579.1271025,541.28125
Erebidae,Corgatha,Corgatha tornalis,766.7605,173.5
Crambidae,Camptomastix,Camptomastix hisbonalis,581.89164875,560.255319148936
Uraniidae,Warreniplema,Warreniplema fumicosta,820.496525,796
Geometridae,Timandra,Timandra convectaria,438.78766,371.307692307692
Geometridae,Timandra,Timandra extremaria,491.049953,490.466666666667
Noctuidae,Mythimna,Mythimna decisissima,939.80612,820.625
Geometridae,Parabapta,Parabapta unifasciata,1169.51756666667,1409.27272727273
Lasiocampidae,Cosmotriche,Cosmotriche discitincta discitincta,1937.10178571429,1950.5641025641
Geometridae,Paramaxates,Paramaxates taiwana,1412.2452,1547.5
Sphingidae,Polyptychus,Polyptychus chinensis,806.0718,799.333333333333
Erebidae,Bocula,Bocula xanthostola,714.726803333333,496.266666666667
Geometridae,Lomographa,Lomographa inamata,1070.507825,1141.53846153846
Erebidae,Bastilla,Bastilla joviana joviana,435.843916666667,327.3
Erebidae,Olene,Olene mendosa,854.275153333333,1114.46153846154
Geometridae,Perixera,Perixera absconditaria absconditaria,1050.61686666667,1098.4
Limacodidae,Narosoideus,Narosoideus vulpinus,578.95724375,508.941176470588
Pyralidae,Arctioblepsis,Arctioblepsis rubida,248.15282,278.37037037037
Geometridae,Arichanna,Arichanna picaria,2152.13348,2198.41666666667
Geometridae,Pseudabraxas,Pseudabraxas taiwana,1138.344,1112
Noctuidae,Aedia,Aedia perdicipennis,386.691078333333,437.230769230769
Geometridae,Herochroma,Herochroma cristata,554.948625,383.25
Erebidae,Lemyra,Lemyra alikangensis,406.94665875,453.725
Sphingidae,Parum,Parum colligata,261.943131176471,271.941176470588
Geometridae,Parapercnia,Parapercnia giraffata,891.39875,876.333333333333
Geometridae,Corymica,Corymica pryeri,853.71845,988.782608695652
Geometridae,Gandaritis,Gandaritis sinicaria postalba,1385.6051,1383.66666666667
Geometridae,Acolutha,Acolutha pulchella semifulva,709.1351,1193.5
Crambidae,Uresiphita,Uresiphita quinquigera,398.84486,434.529411764706
Crambidae,Nacoleia,Nacoleia commixta,514.735688,615.1875
Thyrididae,Pyrinioides,Pyrinioides sinuosus,653.60834125,625.531914893617
Erebidae,Achaea,Achaea janata,686.07518,628.533333333333
Erebidae,Miltochrista,Miltochrista convexa,360.076738,398.928571428571
Endromidae,Comparmustilia,Comparmustilia gerontica,1434.57746666667,1411.53333333333
Geometridae,Dindica,Dindica purpurata,846.16488,796.347826086957
Erebidae,Miltochrista,Miltochrista ziczac,471.936216666667,476.555555555556
Erebidae,Nyctemera,Nyctemera arctata albofasciata,1720.79536666667,1665.94736842105
Geometridae,Cleora,Cleora leucophaea taiwanensis,994.126,1470.5
Limacodidae,Parasa,Parasa pastoralis,435.7597625,240.5
Erebidae,Asota,Asota tortuosa,1480.09126666667,1476.75
Erebidae,Hydrillodes,Hydrillodes nilgirialis,666.552004,541.192307692308
Erebidae,Calliteara,Calliteara postfusca,1138.54961142857,1292.05714285714
Noctuidae,Callopistria,Callopistria delicata,895.938125,917.137931034483
Notodontidae,Euhampsonia,Euhampsonia formosana,1007.3904,1154.57142857143
Choreutidae,Choreutis,Choreutis amethystodes,139.24736,175.5
Erebidae,Lyclene,Lyclene acteola,874.16852,643.588235294118
Geometridae,Chiasmia,Chiasmia emersaria,299.438518571429,249.714285714286
Erebidae,Hypena,Hypena perspicua,1153.03595714286,1283.34285714286
Erebidae,Eudocima,Eudocima homaena,709.12024,597.8
Sphingidae,Cypoides,Cypoides chinensis,675.4802,799.642857142857
Euteliidae,Anuga,Anuga multiplicans,670.17,637.333333333333
Geometridae,Alcis,Alcis semiusta,2064.87584,2191.42424242424
Erebidae,Bocula,Bocula marginata,430.6261775,411.647058823529
Crambidae,Udea,Diplopseustis perieresalis,764.53147,1095.5
Erebidae,Cifuna,Cifuna locuples,1721.0087,1002
Noctuidae,Hyalobole,Hyalobole taiwanensis,2001.34375,2297.4
Uraniidae,Dysaethria,Dysaethria fulvihamata,714.6781,245
Geometridae,Hypomecis,Hypomecis roboraria amplaria,1048.7109,1133.6
Erebidae,Hypocala,Hypocala subsatura,1044.83369846154,1090.89393939394
Geometridae,Thalassodes,Thalassodes sp,663.25868,784.25
Drepanidae,Neoreta,Neoreta purpureofascia,749.916016666667,404.888888888889
Erebidae,Spilosoma,Spilosoma fumida,1684.85366666667,1769.36842105263
Nolidae,Negeta,Negeta signata,620.946476666667,531.176470588235
Geometridae,Pingasa,Pingasa alba alba,504.08987,57.6666666666667
Geometridae,Borbacha,Borbacha pardaria,386.2292925,415.564102564103
Erebidae,Calliteara,Calliteara lunulata takamukuana,970.759884,761.5
Erebidae,Laspeyria,Laspeyria ruficeps,371.73904,450.5
Lasiocampidae,Dendrolimus,Dendrolimus arizana,1707.56465,1859.54166666667
Erebidae,Hypena,Hypena iconicalis,769.5109775,700.724137931035
Erebidae,Somena,Somena scintillans,736.196344,725.944444444444
Erebidae,Bertula,Bertula kosemponica,439.273658333333,377.2
Bombycidae,Trilocha,Trilocha varians,131.022219444444,98.8518518518518
Geometridae,Pareclipsis,Pareclipsis umbrata,826.850275,722.375
Erebidae,Ghoria,Ghoria subpurpurea,1959.685,2171.25
Geometridae,Gnophos,Gnophos caenosa,1027.4343,1240
Erebidae,Arasada,Arasada pyraliformis,404.28984,277.444444444444
Noctuidae,Chrysodeixis,Chrysodeixis minutus,652.832888,469.5
Erebidae,Zanclognatha,Zanclognatha subtriplex,282.026775,341.2
Notodontidae,Dudusa,Dudusa sphingiformis,947.4794,1810.5
Noctuidae,Agrocholorta,Agrocholorta albirena chihtuana,1796.81735,1180.6
Erebidae,Spilarctia,Spilarctia postrubida,488.63133,447.242424242424
Uraniidae,Phazaca,Phazaca alikangensis,407.439443333333,330.368421052632
Notodontidae,Netria,Netria multispinae multispinae,1681.4508,1781.18181818182
Noctuidae,Hyalobole,Hyalobole kononenkoi,1949.19845,2287
Geometridae,Synegiodes,Synegiodes histrionaria ornata,1608.4354,1676.57142857143
Uraniidae,Pterotosoma,Pterotosoma castanea,742.8368,797.933333333333
Noctuidae,Agrotis,Agrotis ipsilon,920.360701428572,804.69696969697
Geometridae,Odontopera,Odontopera insulata insulata,2017.611175,2128.27272727273
Geometridae,Aplochlora,Aplochlora costipicta,1172.5833,1091.71428571429
Geometridae,Lophobates,Lophobates ochrolaria,1492.89345,1563.18181818182
Geometridae,Ourapteryx,Ourapteryx clara formosana,774.648033333333,641.833333333333
Erebidae,Eressa,Eressa confinis finitima,320.680615,339.451612903226
Notodontidae,Syntypistis,Syntypistis perdix perdix,1724.33,1869.57142857143
Erebidae,Plecoptera,Plecoptera siderogramma,791.4561,609.111111111111
Sphingidae,Notonagemia,Notonagemia analis gressitti,680.60946,632.384615384615
Pyralidae,Orthaga,Orthaga olivacea,447.6362,412.2
Erebidae,Cyana,Cyana sanguinea,710.708025,789.714285714286
Erebidae,Eilema,Eilema taiwana,284.28876,1667.33333333333
Geometridae,Amblychia,Amblychia moltrechti,1949.9475,2214.5
Erebidae,Lymantria,Lymantria sinica,868.87286,804.1
Erebidae,Eublemma,Eublemma quadrapex,470.3278175,481.789473684211
Sphingidae,Dahira,Dahira obliquifascia,500.17358,490.2
Nolidae,Gabala,Gabala argentata,778.64307,868
Geometridae,Somatina,Somatina rosacea anaemica,665.91961125,644.62962962963
Crambidae,Talanga,Talanga nympha,418.88825,431.75
Crambidae,Eoophyla,Eoophyla gibbosalis,266.120227692308,331.610169491525
Geometridae,Arichanna,Arichanna marginata,882.834866666667,985.727272727273
Geometridae,Uliura,Uliura infausta,1466.592925,1618.875
Drepanidae,Tridrepana,Tridrepana flava flava,743.0789,814
Geometridae,Trotocraspeda,Trotocraspeda divaricata,619.5849,584.142857142857
Erebidae,Eugoa,Eugoa cernyi,875.291096666667,732.428571428572
Pyralidae,Locastra,Locastra muscosalis,497.649725,395.161290322581
Erebidae,Lymantria,Lymantria umbrifera,1565.17274,1698.6
Geometridae,Psyra,Psyra spurcataria,1433.73973,2092.10526315789
Erebidae,Eutrogia,Eutrogia morosa,421.46906,397.190476190476
Noctuidae,Ctenoplusia,Ctenoplusia albostriata,623.305,747.5
Geometridae,Fascellina,Fascellina plagiata,1427.15358,1416.63157894737
Sphingidae,Langia,Langia zenzeroides formosana,1280.60776666667,1169.0625
Noctuidae,Callyna,Callyna contracta,1535.23,1643.69230769231
Notodontidae,Norracoides,Norracoides basinotata,529.6404075,300.454545454545
Geometridae,Alcis,Alcis postlurida,2170.9067,2249.91666666667
Pyralidae,Endotricha,Endotricha olivacealis,802.402538571429,846.6
Noctuidae,Chytonix,Chytonix costimacula,450.4333,442
Geometridae,Dindica,Dindica polyphaenaria,655.22922,652.192307692308
Geometridae,Comostola,Comostola laesaria,393.9463,407.454545454545
Noctuidae,Callopistria,Callopistria phaeogona,474.37011,477.916666666667
Noctuidae,Xestia,Xestia tamsi,2214.27865,2274.18181818182
Erebidae,Hypena,Hypena tristalis,1391.30245,1533.9
Erebidae,Orgyia,Orgyia postica,263.55159,277.735294117647
Geometridae,Berta,Berta rugosivalva,540.0077,531.4
Erebidae,Cruxoruza,Cruxoruza decorata,319.03937,258.111111111111
Crambidae,Uresiphita,Uresiphita tricolor,436.98196,422.25
Nolidae,Nola,Nola punctilineata,653.7462,549
Depressariidae,Ethmia,Ethmia lineatonotella,875.906152,937.071428571429
Geometridae,Percnia,Percnia suffusa,139.57067,150.066666666667
Geometridae,Eumelea,Eumelea ludovicata,350.686132222222,304.901960784314
Geometridae,Epobeidia,Epobeidia tigrata maxima,842.65515,776
Noctuidae,Callopistria,Callopistria deflexusa,740.9452,746
Erebidae,Brevipecten,Brevipecten consanguis,469.711,458.333333333333
Geometridae,Ophthalmitis,Ophthalmitis herbidaria,253.449542,179.8
Geometridae,Arichanna,Arichanna sinica refracta,2116.5999,2276.75
Erebidae,Miltochrista,Miltochrista sp1,733.412064285715,533.942857142857
Erebidae,Ophiusa,Ophiusa disjungens indiscriminata,530.91507,537.636363636364
Notodontidae,Besaia,Besaia sordida,1876.9367,1996.4
Geometridae,Perixera,Perixera sarawackaria,862.48474,533.25
Noctuidae,Cymatophoropsis,Cymatophoropsis formosana,1208.88155,1204.84615384615
Drepanidae,Horipsestis,Horipsestis mushana mushana,1023.59863,1305.5
Noctuidae,Acontia,Acontia olivacea,615.3737,822
Geometridae,Euchristophia,Euchristophia cumulata meridionalis,1227.98755333333,1873.14285714286
Noctuidae,Callopistria,Callopistria rivularis,421.0878,242.466666666667
Erebidae,Amerila,Amerila astrea,491.56627,523.0625
Notodontidae,Disparia,Disparia wilemani,819.42665,790.333333333333
Erebidae,Nyctemera,Nyctemera adversata,643.1646325,610.352941176471
Noctuidae,Scriptoplusia,Scriptoplusia nigriluna,577.789185,252
Geometridae,Prochasma,Prochasma dentilinea,1735.437325,1975.58333333333
Erebidae,Rusicada,Rusicada privata,783.5007225,829.833333333333
Limacodidae,Miresa,Miresa fulgida,457.190506666667,416.794117647059
Notodontidae,Harpyia,Harpyia microsticta baibarana,1153.4578,1004
Crambidae,Bradina,Bradina aulacodialis,606.2918,1203.66666666667
Erebidae,Mithuna,Mithuna arizana,895.661465,1019.64705882353
Saturniidae,Loepa,Loepa formosensis,1048.57091666667,1122.30769230769
Pyralidae,Herculia,Herculia pelasgalis,588.08386,606.6875
Erebidae,Chalciope,Chalciope mygdon,298.3354775,310.857142857143
Erebidae,Nudaria,Nudaria ranruna,834.97613,1170.33333333333
Eupterotidae,Ganisa,Ganisa formosicola,861.47876,751.2
Geometridae,Rikiosatoa,Rikiosatoa fucataria,2140.6367,2070
Noctuidae,Trachea,Trachea auriplena auriplena,1181.62625,1233.18181818182
Erebidae,Locharna,Locharna strigipennis,581.375446666667,554.162162162162
Noctuidae,Euplexidia,Euplexidia pallidivirens,2115.8584,2115.84615384615
Geometridae,Hypomecis,Hypomecis obliquisigna,1118.75065,1343.11111111111
Erebidae,Avitta,Avitta taiwana,1684.6438,1854.4
Geometridae,Catarhoe,Catarhoe obscura,1489.2374,670
Crambidae,Spoladea,Spoladea recurvalis,774.3512925,766.95
Lasiocampidae,Dendrolimus,Dendrolimus punctatus,1221.51684125,1070.4347826087
Erebidae,Arna,Arna bipunctapex,486.778564,228.4
Geometridae,Ninodes,Ninodes splendens,700.63464,1148
Erebidae,Nishada,Nishada formosibia,715.66274,332
Geometridae,Odontopera,Odontopera bilinearia subarida,1824.9162,1856
Noctuidae,Anorthoa,Anorthoa fabiani,2143.6125,2093.5
Erebidae,Spilarctia,Spilarctia sp,944.145233333333,1049.63636363636
Erebidae,Pseudogyrtona,Pseudogyrtona marmorea,1012.25964,1452
Erebidae,Oglasa,Oglasa costimacula,321.4617025,284.304347826087
Geometridae,Scopula,Scopula kagiata,873.59064,1376.4
Crambidae,Botyodes,Botyodes diniasalis,329.45755,404.5
Geometridae,Spaniocentra,Spaniocentra hollowayi,564.460713333333,534.818181818182
Geometridae,Danala,Danala lilacina,663.715733333333,578.8
Erebidae,Euproctis,Euproctis sericea,1700.497,1832.36363636364
Noctuidae,Ctenoplusia,Ctenoplusia furcifera furcifera,861.9482,658.2
Erebidae,Herminia,Herminia decipiens,533.4074,822.333333333333
Geometridae,Metabraxas,Metabraxas rubrotincta,1244.4249,1195.5
Noctuidae,Karana,Karana hoenei marcida,1597.5463,663.75
Erebidae,Herminia,Herminia vermiculata,377.157963333333,365.333333333333
Erebidae,Ercheia,Ercheia umbrosa,1181.114268,1542.09523809524
Nolidae,Nola,Nola fasciata,433.28897,295.25
Drepanidae,Phalacra,Phalacra strigata insulicola,501.488925,419.5
Erebidae,Cephena,Cephena costata,359.37369,380
Drepanidae,Sewa,Sewa taiwana,2117.2332,2010.5
Geometridae,Lophophelma,Lophophelma iterans onerosus,663.835466666667,598.293103448276
Noctuidae,Mythimna,Mythimna epieixelus,815.75175,420.857142857143
Erebidae,Mecodina,Mecodina praecipua,450.58389,330
Notodontidae,Kamalia,Kamalia tattakana,871.4047,1121.5
Geometridae,Satoblephara,Satoblephara owadai,1083.5776,1104.14285714286
Erebidae,Catocala,Catocala macula,1323.01658,1406.27777777778
Noctuidae,Dictyestra,Dictyestra dissecta,475.367,219.5
Erebidae,Metaphoenia,Metaphoenia plagifera,291.34535,307.666666666667
Limacodidae,Setora,Setora baibarana,555.059128,1079.125
Brachodidae,Paranigilgia,Paranigilgia bushii,252.579,245
Geometridae,Ecliptopera,Ecliptopera delecta,886.6718,1116.44444444444
Erebidae,Ilema,Ilema kosemponica,640.43774,633.424242424242
Noctuidae,Agrotis,Agrotis taiwana,1720.3842,1947.85714285714
Uraniidae,Phazaca,Phazaca kosemponicola,381.3932,433.357142857143
Erebidae,Panilla,Panilla dispila,392.6672,294.571428571429
Nolidae,Gadirtha,Gadirtha inexacta,692.367035,785.25
Geometridae,Lipomelia,Lipomelia subusta,536.846143333333,839.333333333333
Erebidae,Semiothisops,Semiothisops macariata,272.018954,276.904761904762
Geometridae,Herochroma,Herochroma ochreipicta,1518.44303333333,1714.85714285714
Geometridae,Ocoelophora,Ocoelophora lentiginosaria festa,871.637,397
Endromidae,Oberthueria,Oberthueria formosibia,1424.10556666667,1419.3125
Geometridae,Cleora,Cleora alienaria,725.33911,349.606060606061
Geometridae,Pseudomiza,Pseudomiza obliquaria,934.752485,1110.25
Nolidae,Beara,Beara tortriciformis,494.302505,475.870967741936
Erebidae,Lemyra,Lemyra wernerthomasi,1641.7543,2155.25
Noctuidae,Apospasta,Apospasta rantaizanensis,1496.32134285714,1692.5
Geometridae,Idaea,Idaea costiguttata,921.01339,1003.11111111111
Drepanidae,Ditrigona,Ditrigona conflexaria micronioides,947.38434,1112
Pyralidae,Endotricha,Endotricha metacuralis,1849.59765,1988.375
Noctuidae,Sesamia,Sesamia nigropunctata,514.713825,363.3
Bombycidae,Ernolatia,Ernolatia moorei,410.481175,338
Geometridae,Melanthia,Melanthia procellata szechuanensis,1666.6223,1305.84615384615
Geometridae,Parabapta,Parabapta obliqua,1417.1237,1410.66666666667
Noctuidae,Mythimna,Mythimna changi,1546.39755,1687.28571428571
Geometridae,Xandrames,Xandrames latiferaria curvistriga,634.757253333333,530.6
Noctuidae,Spodoptera,Spodoptera pecten,588.573906666667,295.227272727273
Geometridae,Pingasa,Pingasa ruginaria pacifica,374.0325,402.645161290323
Lasiocampidae,Gastropacha,Gastropacha pardale formosana,642.39812,651.235294117647
Drepanidae,Epipsestis,Epipsestis bilineata pallida,2283.7034,2289
Geometridae,Pogonopygia,Pogonopygia pavida pavida,1187.69716666667,1182.88888888889
Erebidae,Hydrillodes,Hydrillodes gravatalis,480.786886,295.923076923077
Geometridae,Garaeus,Garaeus specularis specularis,1703.6511,1949
Geometridae,Heterolocha,Heterolocha biplagiata,1481.96828,1761.03225806452
Crambidae,Pleuroptya,Pleuroptya iopasalis,261.223183333333,276.68
Crambidae,Pleuroptya,Pleuroptya balteata,364.22165,479
Euteliidae,Lophoptera,Lophoptera longipennis,1803.32175,1997.08333333333
Nolidae,Hylophilodes,Hylophilodes tsukusensis,1001.7993,1039.57142857143
Erebidae,Taicallimorpha,Taicallimorpha albipuncta,2266.3425,2280.33333333333
Sphingidae,Acosmeryx,Acosmeryx castanea,734.214835,522.675675675676
Erebidae,Rivula,Rivula niveipuncta,383.4452,431
Nolidae,Meganola,Meganola ascripta,1025.2317,749.666666666667
Geometridae,Biston,Biston regalis comitata,1554.4364,1795
Noctuidae,Rhynchaglaea,Rhynchaglaea taiwana,2238.89715,2119.14285714286
Crambidae,Piletocera,Piletocera aegimiusalis,321.61502,426.529411764706
Erebidae,Euproctis,Euproctis karapina,1006.2444,1427
Endromidae,Andraca,Andraca theae,1900.0956,1868
Lasiocampidae,Trabala,Trabala vishnou guttata,875.392418,877.722222222222
Erebidae,Hepatica,Hepatica irrorata,853.59344,942.75
Noctuidae,Mythimna,Mythimna nigrilinea,538.9332,100.6
Noctuidae,Condica,Condica illecta,479.9675,429.75
Erebidae,Eudocima,Eudocima salaminia,364.61243,253.875
Erebidae,Bastilla,Bastilla amygdalis,608.621893333333,618.157894736842
Geometridae,Chiasmia,Chiasmia inchoata,658.85484,513.777777777778
Pyralidae,Aurana,Aurana vinaceella,604.612025,624.5
Crambidae,Glyphodes,Glyphodes onychinalis,399.55995,421
Erebidae,Hypena,Hypena kanshireiensis,635.210255,432.588235294118
Limacodidae,Rhamnosa,Rhamnosa uniformis,454.6467,572.5
Erebidae,Amsactoides,Amsactoides solitaria,332.3881375,391.428571428571
Geometridae,Trichoplites,Trichoplites albimaculosa,2120.2502,2300
Crambidae,Botyodes,Botyodes asialis,684.107175,807.1875
Sphingidae,Pergesa,Pergesa acteus,506.323696666667,487.588235294118
Geometridae,Opisthograptis,Opisthograptis moelleri,1690.94276666667,1714.07142857143
Geometridae,Alcis,Alcis nubeculosa,1875.03885,2040.85714285714
Geometridae,Epobeidia,Epobeidia lucifera extranigricans,1817.64072,1839.35
Noctuidae,Mythimna,Mythimna martoni,1491.50585,1442.125
Nolidae,Hylophilodes,Hylophilodes esakii,555.438,348
Noctuidae,Ctenoplusia,Ctenoplusia limbirena,859.52374,1004
Erebidae,Calliteara,Calliteara grotei horishanella,949.54083,757.8
Crambidae,Paracymoriza,Paracymoriza vagalis,232.857745,224.428571428571
Erebidae,Calliteara,Calliteara arizana,1810.34863333333,1872.90909090909
Erebidae,Pangrapta,Pangrapta trilineata,538.85614,503
Erebidae,Aloa,Aloa lactinea,333.47754,176
Nolidae,Tympanistes,Tympanistes rubidorsalis,355.12363,1525
Noctuidae,Moma,Moma abbreviata,795.25433,810.833333333333
Nolidae,Paracrama,Paracrama angulata,662.6918,746.777777777778
Erebidae,Sophta,Sophta olivata,352.371166666667,266.578947368421
Geometridae,Pachyodes,Pachyodes subtrita,594.182313333333,573.647058823529
Erebidae,Trigonodes,Trigonodes hyppasia,169.861154285714,168.473684210526
Nymphalidae,Neope,Neope muirheadi nagasawae,455.61002,408
Erebidae,Sophta,Sophta diplochorda,431.99307,517.166666666667
Crambidae,Goniorhynchus,Goniorhynchus butyrosus,355.64142,249.4
Geometridae,Ecliptopera,Ecliptopera umbrosaria stathera,349.470415,410.5
Noctuidae,Mythimna,Mythimna radiata,1546.24106666667,1625.57142857143
Noctuidae,Helicoverpa,Helicoverpa armigera,933.065901666667,979.15
Noctuidae,Mythimna,Mythimna albomarginata rubea,1024.6388,969.608695652174
Geometridae,Eustroma,Eustroma changi,1243.1106,1277.5
Erebidae,Perciana,Perciana taiwana,1831.0951,1791.1
Geometridae,Dooabia,Dooabia alia,961.168165,2135.5
Noctuidae,Sphragifera,Sphragifera sigillata taimacula,1300.1968,1351.33333333333
Euteliidae,Penicillaria,Penicillaria jocosatrix,913.3106,724
Geometridae,Psilalcis,Psilalcis albibasis,1763.3759,1738.3125
Limacodidae,Vanlangia,Vanlangia castanea,875.928985,1071.28571428571
Noctuidae,Xenotrachea,Xenotrachea albidisca pseudodisca,683.7589,624
Crambidae,Maruca,Maruca vitrata,1107.4904,1115.9375
Erebidae,Edessena,Edessena gentiusalis,527.062875,584
Adelidae,Nemophora,Nemophora ahenea,473.74695,134
Erebidae,Arytrurides,Arytrurides inornatus,1503.7101,1577.6
Geometridae,Discoglypha,Discoglypha locupletata,1277.6538,1380.07142857143
Nolidae,Blenina,Blenina senex,1299.0607,1285
Erebidae,Tochara,Tochara creberrima,416.252726,291.714285714286
Geometridae,Herochroma,Herochroma supraviridaria,743.42739,1753
Geometridae,Chloroclystis,Chloroclystis blanda,1936.2523,2190.5
Geometridae,Micronidia,Micronidia intermedia,1801.3564,2289.6
Geometridae,Amblychia,Amblychia angeronaria,475.76734,430.428571428571
Geometridae,Catoria,Catoria sublavaria,507.7906075,394.416666666667
Oecophoridae,Lamprystica,Lamprystica purpurata,347.9929,245
Erebidae,Bertula,Bertula abjudicalis,271.40405,325
Erebidae,Ericeia,Ericeia inangulata inangulata,720.176,719.571428571429
Erebidae,Spilarctia,Spilarctia subtestacea,443.86725,366.5
Geometridae,Physetobasis,Physetobasis dentifascia triangulifera,1062.4696,1135.1
Pyralidae,Lamida,Lamida obscura,646.63326,640.785714285714
Erebidae,Pindara,Pindara illibata,548.622911428572,530.577777777778
Noctuidae,Callopistria,Callopistria nobilior,938.37185,557.090909090909
Geometridae,Gonodontis,Gonodontis pallida,729.53395,685.4375
Noctuidae,Condica,Condica dolorosa,354.64236,257.75
Erebidae,Calliteara,Calliteara angulata,832.190372,726.6
Erebidae,Calyptra,Calyptra orthograpta,828.0777,757.642857142857
Geometridae,Luxiaria,Luxiaria amasa amasa,1147.8826,1602.8
Erebidae,Cidariplura,Cidariplura gladiata,335.83766,301.571428571429
Geometridae,Harutaea,Harutaea flavizona,918.83875,773
Erebidae,Simplicia,Simplicia simplicissima,392.26822,425.866666666667
Erebidae,Hypena,Hypena albopunctalis,454.78931375,532
Noctuidae,Bryophilina,Bryophilina mollicula,700.472015,774.916666666667
Drepanidae,Epipsestis,Epipsestis dubia chengshinglini,2121.6243,2286.8
Crambidae,Cirrhochrista,Cirrhochrista spissalis,192.6895,252.5
Uraniidae,Chundana,Chundana emarginata,1260.48963333333,1632.08333333333
Erebidae,Zanclognatha,Zanclognatha nakatomii,420.6687,102.8
Limacodidae,Demonarosa,Demonarosa rufotessellata subrosea,577.390685,645
Erebidae,Bertula,Bertula terminalis,1005.7713,2300
Erebidae,Bastilla,Bastilla maturata,1408.7086,1507
Erebidae,Hypocala,Hypocala violacea,1023.80632,1038.66666666667
Geometridae,Doratoptera,Doratoptera lutea,1107.8096,1138.81818181818
Noctuidae,Nyctycia,Nyctycia strigidisca nigridorsi,2191.962,2263
Crambidae,Prorodes,Prorodes mimicus,359.141435,290.75
Gelechiidae,Hypatima,Hypatima spathota,307.525985,212.666666666667
Erebidae,Euproctis,Euproctis pulverea,2123.5715,2148.15384615385
Erebidae,Calesia,Calesia dasypterus,395.049143333333,383.2
Geometridae,Orthocabera,Orthocabera sericea sericea,1164.7153,1601.33333333333
Euteliidae,Atacira,Atacira lyncestides,389.0579,245
Geometridae,Comibaena,Comibaena cassidara,625.0375,585.5
Notodontidae,Liparopsis,Liparopsis postalbida,1249.73042,761.5
Noctuidae,Ctenoplusia,Ctenoplusia adiaphora,1434.0257,1732
Geometridae,Racotis,Racotis boarmiaria,853.404825,590.769230769231
Erebidae,Olulis,Olulis puncticinctalis,310.76765,197.444444444444
Noctuidae,Mythimna,Mythimna bistrigata,1045.798435,1281.6
Geometridae,Neohipparchus,Neohipparchus vallata,939.77293,1013.11111111111
Geometridae,Idaea,Idaea egenaria,531.4615,1027
Noctuidae,Auchmis,Auchmis inextricata,1954.4117,2117.28571428571
Noctuidae,Sesamia,Sesamia inferens,300.00745,411.333333333333
Noctuidae,Cosmia,Cosmia unicolor,1918.7455,2029
Erebidae,Lophoruza,Lophoruza lunifera,364.6499,322.090909090909
Crambidae,Paracymoriza,Paracymoriza taiwanalis,1902.2512,2291.33333333333
Notodontidae,Stauropus,Stauropus teikichiana teikichiana,591.51582,811.8
Erebidae,Pantana,Pantana ochripalpis,1018.16382,528.727272727273
Noctuidae,Checupa,Checupa stegeri,1689.37215,1803.09090909091
Sphingidae,Macroglossum,Macroglossum mitchellii imperator,1556.61146666667,1598.44444444444
Erebidae,Hypena,Hypena ophiusoides,1096.3652,1076.25
Noctuidae,Potnyctycia,Potnyctycia taiwana,1379.4265,1018
Notodontidae,Chadisra,Chadisra bipartita,714.3406,695.681818181818
Erebidae,Eospilarctia,Eospilarctia nehallenia baibarensis,1907.4897,2013.5
Crambidae,Bocchoris,Bocchoris inspersalis,869.64294,226.2
Noctuidae,Conistra,Conistra anonyma,2133.4822,2141.75
Erebidae,Ophiusa,Ophiusa tirhaca,796.81502,1020.7
Geometridae,Rikiosatoa,Rikiosatoa mavi,1598.1147,1613.375
Erebidae,Oglasa,Oglasa sordida,1137.2513,306.666666666667
Drepanidae,Nothoploca,Nothoploca endoi,2057.3543,2203.375
Geometridae,Corymica,Corymica arnearia,644.6774,694.75
Geometridae,Synegia,Synegia pallens abeliae,648.74554,670
Erebidae,Herminia,Herminia kurokoi,565.99523,437.642857142857
Erebidae,Hypena,Hypena trigonalis,657.92315,647.666666666667
Pyralidae,Endotricha,Endotricha similata,1567.08935,2186.28571428571
Noctuidae,Athetis,Athetis brunneolineosa,1179.8820425,1281.07692307692
Geometridae,Dilophodes,Dilophodes elegans khasiana,2103.909775,2162.31578947368
Erebidae,Perinaenia,Perinaenia mingchyrica,1619.7151,1737.625
Tortricidae,Dactylioglypha,Dactylioglypha tonica,396.87527,262.5
Noctuidae,Amyna,Amyna punctum,648.952003333333,616
Geometridae,Xanthorhoe,Xanthorhoe mediofascia,1951.1171,2317
Geometridae,Vindusara,Vindusara moorei,862.25861,835.272727272727
Noctuidae,Diarsia,Diarsia sinuosa,1776.3672,1527.6
Nolidae,Siglophora,Siglophora sanguinolenta,397.72083,475
Notodontidae,Rachiades,Rachiades lichenicolor albimaculata,914.113515,1059.22222222222
Erebidae,Mecodina,Mecodina subcostalis,973.133825,1185.52941176471
Geometridae,Ascotis,Ascotis selenaria imparata,1057.7826,869.333333333333
Geometridae,Mesoptila,Mesoptila melanolopha,2006.4022,2269.33333333333
Noctuidae,Anorthoa,Anorthoa plumbeata,2095.2498,2187.3
Noctuidae,Acronicta,Acronicta denticulata pernivea,1534.3972,1290.75
Euteliidae,Aplotelia,Aplotelia diplographa,619.01935,490.833333333333
Notodontidae,Stauropus,Stauropus sikkimensis lushanus,1833.3512,1945
Noctuidae,Ctenoplusia,Ctenoplusia kosemponensis,929.38364,967.5
Geometridae,Hyposidra,Hyposidra infixaria,161.42572,157.37037037037
Erebidae,Ophiusa,Ophiusa trapezium,623.79067,436
Notodontidae,Formofentonia,Formofentonia orbifer rotundata,1106.74095,1175.73333333333
Geometridae,Ourapteryx,Ourapteryx ramosa,2021.7627,2062.27272727273
Drepanidae,Epipsestis,Epipsestis cortigera,1678.8154,1700.5
Noctuidae,Trichosea,Trichosea diffusa,1868.9237,2082.85714285714
Noctuidae,Maliattha,Maliattha separata,780.2744,421
Nolidae,Meganola,Meganola triangulalis,542.08385,569.153846153846
Geometridae,Cleora,Cleora sp,490.23123,256
Geometridae,Alcis,Alcis maculata taiwanica,2207.5647,2133.4
Geometridae,Eucyclodes,Eucyclodes gavissima aphrodite,1018.0082,1977.5
Erebidae,Rivula,Rivula basalis,663.2314,852.333333333333
Sphingidae,Ambulyx,Ambulyx sericeipennis,744.857366666667,666.818181818182
Erebidae,Danielithosia,Danielithosia immaculata,647.1249,423.666666666667
Geometridae,Herochroma,Herochroma baibarana,666.7501,692.692307692308
Euteliidae,Lophoptera,Lophoptera hemithyris,360.665753333333,416.230769230769
Crambidae,Pleuroptya,Pleuroptya quadrimaculalis,712.31415,629.272727272727
Geometridae,Nothomiza,Nothomiza flavicosta,993.6304,1164.25
Drepanidae,Epipsestis,Epipsestis nikkoensis,2070.4604,2300
Geometridae,Scopula,Scopula propinquaria,877.0898,268.4
Geometridae,Anectropis,Anectropis semifascia,1839.24766666667,1908.22222222222
Sphingidae,Agrius,Agrius convolvuli,954.9606,770
Erebidae,Eudocima,Eudocima okurai,495.89847,414.5
Noctuidae,Panthea,Panthea grisea,1656.7607,1824
Geometridae,Ecliptopera,Ecliptopera rectilinea kanshinensis,601.18522,375.1
Geometridae,Platycerota,Platycerota vitticostata,825.2358,245
Geometridae,Hemistola,Hemistola orbiculosa,639.05536,817.333333333333
Uraniidae,Micronia,Micronia aculeata,204.53792,167.157894736842
Geometridae,Dysstroma,Dysstroma sikkimensis,1928.2108,1623.33333333333
Erebidae,Hadennia,Hadennia hisbonalis,629.37549,586.176470588235
Noctuidae,Mythimna,Mythimna loreyi,1146.3767,1152.25
Geometridae,Schistophyle,Schistophyle falcifera,810.07104,872.25
Erebidae,Blavia,Blavia scoteola,647.83064,330.909090909091
Crambidae,Elophila,Elophila turbata,412.00836,310
Noctuidae,Agrocholorta,Agrocholorta taiwanawae,2038.1537,1506
Drepanidae,Oreta,Oreta loochooana,902.558725,1025.75
Notodontidae,Togaritensha,Togaritensha curvilinea curvilinea,1944.109,2197.125
Erebidae,Eublemma,Eublemma terminimaculata,253.635025,481
Noctuidae,Ctenoplusia,Ctenoplusia placida,875.2781,1072
Sphingidae,Acosmerycoides,Acosmerycoides harterti,390.06433,400.272727272727
Sphingidae,Theretra,Theretra latreillii lucasii,324.434993333333,334
Sphingidae,Psilogramma,Psilogramma increta,701.50323,637.5
Erebidae,Catocala,Catocala wushensis,1757.504,2199
Erebidae,Spilarctia,Spilarctia clava,2069.80016666667,2075.55
Geometridae,Antipercnia,Antipercnia cordiforma,1106.434,983
Erebidae,Paracolax,Paracolax pryeri,794.56177,846.8
Sphingidae,Marumba,Marumba saishiuana formosana,889.6259,848.5
Erebidae,Barsine,Barsine horishanella,592.04107,553.615384615385
Erebidae,Bertula,Bertula hadenalis persimilis,552.517265,438.076923076923
Erebidae,Hypena,Hypena bicoloralis,993.81915,1040
Erebidae,Batracharta,Batracharta divisa,1024.8609,1206.125
Noctuidae,Mythimna,Mythimna pallidicosta,969.84465,1101.5
Geometridae,Piercia,Piercia yui,1917.1356,2300
Erebidae,Simplicia,Simplicia cornicalis,447.5166,353.190476190476
Drepanidae,Agnidra,Agnidra scabiosa fixseni,1100.59326666667,1209.2
Geometridae,Hastina,Hastina subfalcaria caeruleolineata,1115.180035,1993.14285714286
Erebidae,Lyclene,Lyclene mediobliqua,1549.8488,1900
Noctuidae,Orthosia,Orthosia castanea,1847.04785,2192.55555555556
Erebidae,Sarcopteron,Sarcopteron punctimargo,291.75943,245
Nolidae,Carea,Carea varipes,1187.4569,1227
Crambidae,Isocentris,Isocentris filalis,281.863546666667,299.470588235294
Crambidae,Tyspanodes,Tyspanodes striata,994.690033333333,902.947368421053
Geometridae,Apithecia,Apithecia viridata wilemani,1857.8614,2167.875
Noctuidae,Xestia,Xestia yamanei,1228.1309,2131.4
Geometridae,Ourapteryx,Ourapteryx sciticaudaria,1276.17815,1284.66666666667
Geometridae,Chlorodontopera,Chlorodontopera discospilata,1771.77915,1742.92857142857
Geometridae,Cleora,Cleora nigronotaria,277.08643,48.8333333333333
Geometridae,Ectropis,Ectropis excellens,509.9579,550.222222222222
Crambidae,Agrotera,Agrotera discinotata,562.60565,586.333333333333
Notodontidae,Fentonia,Fentonia baibarana,838.6866625,825.105263157895
Nolidae,Tyana,Tyana falcata,933.88745,1554.5
Cossidae,Xyleutes,Xyleutes unimaculosa,1045.6516,261.5
Erebidae,Lygephila,Lygephila yoshimotoi,1629.3175,2055.25
Crambidae,Bradina,Bradina diagonalis,576.3444,579.0625
Geometridae,Deileptenia,Deileptenia rimosaria,1755.0368,1868.92307692308
Nolidae,Narangodes,Narangodes confluens,1302.6257,1341.88235294118
Erebidae,Zanclognatha,Zanclognatha nigrisigna,253.8835,180.333333333333
Erebidae,Entomogramma,Entomogramma fautrix,297.16693,197
Noctuidae,Acronicta,Acronicta pruinosa,997.31,956.1
Limacodidae,Hampsonella,Hampsonella arizana,1011.5871,1341.125
Notodontidae,Lophontosia,Lophontosia fusca,678.36914,801
Noctuidae,Acronicta,Acronicta gigasa,963.98755,1057
Crambidae,Antigastra,Antigastra catalaunalis,456.76961,548.6
Pyralidae,Orthopygia,Orthopygia nannodes,726.0532,223
Erebidae,Pericyma,Pericyma cruegeri,442.53994,311.666666666667
Drepanidae,Parapsestis,Parapsestis argenteopicta taiwana,1682.57603333333,1972.6
Erebidae,Prolophota,Prolophota trigonifera,641.75214,245
Noctuidae,Acronicta,Acronicta hercules,1007.2261,1220.6
Crambidae,Pycnarmon,Pycnarmon cribrata,785.48975,1138.5
Geometridae,Sarcinodes,Sarcinodes mongaku,845.7772,713
Crambidae,Eusabena,Eusabena miltochristalis,463.91547,447.4
Crambidae,Leucinodes,Leucinodes apicalis,955.1811,1004
Callidulidae,Callidula,Callidula attenuata,621.02563,819
Crambidae,Paliga,Paliga celatalis,456.126515,755
Noctuidae,Argyrogramma,Argyrogramma signata,894.75934,311.6
Erebidae,Blasticorhinus,Blasticorhinus ussuriensis,736.98334,1002
Erebidae,Blasticorhinus,Blasticorhinus bifasciata,504.66795,1152.83333333333
Uraniidae,Oroplema,Oroplema oyamana,1719.8795,1985.57142857143
Geometridae,Naxidia,Naxidia punctata,1600.2921,1762.22222222222
Crambidae,Callibotys,Callibotys carapina,503.2132,593.666666666667
Geometridae,Idaea,Idaea sinicata,949.45886,949.5
Crambidae,Nausinoe,Nausinoe perspectata,283.24227,369.424242424242
Drepanidae,Horipsestis,Horipsestis aenea aenea,1145.80415,700.818181818182
Uraniidae,Dysaethria,Dysaethria flavistriga,384.977226666667,384.142857142857
Geometridae,Lomographa,Lomographa percnosticta,1190.5333,630.181818181818
Geometridae,Auaxa,Auaxa cesadaria,2076.7432,2004
Erebidae,Oruza,Oruza divisa,289.63535,261
Erebidae,Mocis,Mocis annetta,1445.6035,1004
Geometridae,Chiasmia,Chiasmia perfusaria,768.08545,555
Notodontidae,Somera,Somera viridifusca viridifusca,564.1455,706.4
Noctuidae,Magusa,Magusa tenebrosa,886.26956,846.333333333333
Geometridae,Alcis,Alcis arizana,1804.8497,2300
Noctuidae,Apsarasa,Apsarasa radians,534.0852,567.3125
Geometridae,Comostola,Comostola enodata,1221.2577,1277.33333333333
Erebidae,Loxioda,Loxioda similis,846.17065,833.333333333333
Noctuidae,Nyctycia,Nyctycia endoi endoi,1826.2876,2149.5
Geometridae,Eucyclodes,Eucyclodes lalashana,927.4385,1896
Crambidae,Strepsinoma,Strepsinoma croesusalis,168.92847,222.8
Erebidae,Hypena,Hypena indicatalis,663.73072,490
Noctuidae,Clavipalpula,Clavipalpula aurariae formosana,1446.2618,2165.6875
Geometridae,Organopoda,Organopoda carnearia carnearia,997.4794,1139.93333333333
Erebidae,Anoratha,Anoratha sinuosa,1976.9286,1914
Erebidae,Oruza,Oruza albigutta,801.98914,278.5
Geometridae,Entomopteryx,Entomopteryx rubridisca,1128.9143,796.333333333333
Erebidae,Ilema,Ilema nigrofascia,420.661575,387.272727272727
Notodontidae,Ramesa,Ramesa albistriga,228.63194,264.142857142857
Gelechiidae,Paralida,Paralida triannulata,1255.6373,807.666666666667
Erebidae,Spilarctia,Spilarctia tienmushana werneri,651.03406,617.111111111111
Bombycidae,Rotunda,Rotunda rotundapex,1070.146,1220
Geometridae,Maxates,Maxates glaucaria,2009.11,2300
Erebidae,Bocana,Bocana manifestalis,438.75946,378
Notodontidae,Spatalia,Spatalia dives,1534.1382,1435.33333333333
Crambidae,Polythlipta,Polythlipta maceratalis,750.1825,1060.33333333333
Noctuidae,Callopistria,Callopistria guttulalis,400.611925,298.6
Zygaenidae,Arbudas,Arbudas submacula,845.34525,1325
Euteliidae,Phalga,Phalga clarirena,632.31793,878.666666666667
Crambidae,Botyodes,Botyodes caldusalis,449.428565,466.125
Erebidae,Lemyra,Lemyra rhodophilodes,329.4684,421.529411764706
Geometridae,Ourapteryx,Ourapteryx venusta,2113.573,2287
Crambidae,Palpita,Palpita asiaticalis,658.0978,535
Noctuidae,Hoplodrina,Hoplodrina implacata,1338.1816,2173.2
Noctuidae,Diarsia,Diarsia canescens,1430.9846,1518.8
Geometridae,Lomographa,Lomographa platyleucata marginata,1657.7859,1733
Erebidae,Oruza,Oruza semilux,631.8954,132.25
Erebidae,Chusaris,Chusaris nigromaculata,413.22134,574.2
Nolidae,Nola,Nola marginata,860.23755,394.5
Geometridae,Comibaena,Comibaena pictipennis pictipennis,1895.4813,1999.5
Endromidae,Andraca,Andraca yauichui,1624.31545,2100.75
Geometridae,Apoheterolocha,Apoheterolocha patalata,1979.8237,2300
Noctuidae,Ctenoplusia,Ctenoplusia agnata,738.43591,1127.5
Crambidae,Paracymoriza,Paracymoriza nigra,425.15997,372.333333333333
Notodontidae,Syntypistis,Syntypistis pallidifascia pallidifascia,797.1377,750
Drepanidae,Macrocilix,Macrocilix mysticata flavotincta,1360.7249,1584.16666666667
Erebidae,Thyas,Thyas coronata,842.96998,893.105263157895
Hyblaeidae,Hyblaea,Hyblaea puera,760.3024,514
Noctuidae,Mythimna,Mythimna pulchra,338.66223,303
Geometridae,Hirasa,Hirasa punctivenaria taiwana,1742.4694,2107
Crambidae,Lipararchis,Lipararchis tranquillalis,384.04724,266.166666666667
Erebidae,Mecodina,Mecodina cineracea,498.74838,417.5
Erebidae,Paraona,Paraona staudingeri formosana,1241.14116666667,1240.42105263158
Drepanidae,Thyatira,Thyatira batis formosicola,1505.5282,426.2
Geometridae,Corymica,Corymica deducta,326.14725,276
Erebidae,Bocula,Bocula caradrinoides,1005.6123,1088.36363636364
Erebidae,Dura,Dura alba,997.6382,542.666666666667
Lasiocampidae,Pyrosis,Pyrosis ni,1914.9619,2011.28571428571
Crambidae,Stenia,Stenia charonialis,318.73056,148
Notodontidae,Stauropus,Stauropus alternus alternus,385.9494,302.666666666667
Crambidae,Stenia,Stenia minoralis,591.0248,430.5
Noctuidae,Spodoptera,Spodoptera exigua,1544.0846,1550.5
Erebidae,Ilema,Ilema nachiensis,1168.3457,945
Erebidae,Hyposemansis,Hyposemansis singha,327.25513,100
Tineidae,Machaeropteris,Machaeropteris petalacma,1472.006,1799
Drepanidae,Cyclidia,Cyclidia substigmaria substigmaria,1052.1482,1187.16666666667
Zygaenidae,Hysteroscene,Hysteroscene hyalina,637.32227,570.444444444444
Geometridae,Ourapteryx,Ourapteryx caecata,1992.0101,2178
Erebidae,Adrapsoides,Adrapsoides reticulatis,1480.586,2067
Erebidae,Hipoepa,Hipoepa fractalis,324.73578,304.9
Erebidae,Oxacme,Oxacme cretacea,327.53845,382
Pyralidae,Lixa,Lixa productalis taiwana,395.76925,289.25
Geometridae,Pareclipsis,Pareclipsis serrulata,983.92267,1222
Tortricidae,Protarchella,Protarchella nivis,297.87375,1283.66666666667
Uraniidae,Epiplema,Epiplema arcuata,2141.481,2289.16666666667
Geometridae,Agathia,Agathia visenda curvifiniens,320.78305,261.5
Crambidae,Gargela,Gargela renatusalis,428.84125,541.75
Eupterotidae,Apha,Apha horishana,1187.9442,1194
Erebidae,Erebus,Erebus gemmans,1029.8801,1266.28571428571
Erebidae,Progonia,Progonia oileusalis,272.8928,212.8
Noctuidae,Telorta,Telorta yazakii,2048.5044,2174.5
Geometridae,Parobeidia,Parobeidia gigantearia marginifascia,1747.6145,1790.18181818182
Noctuidae,Speidelia,Speidelia taiwana taiwana,1727.1813,2053
Erebidae,Lymantria,Lymantria xylina xylina,679.87354,353.4
Pyralidae,Endotricha,Endotricha mesenterialis,780.8952,335.285714285714
Geometridae,Loxaspilates,Loxaspilates arrizanaria,1962.7178,2295.66666666667
Erebidae,Hypena,Hypena cervinalis,1371.3792,1541.75
Noctuidae,Bagada,Bagada poliomera,347.1033,321
Sphingidae,Hippotion,Hippotion velox,1169.656,1236.46153846154
Geometridae,Chloroclystis,Chloroclystis rubroviridis,1575.7727,1874.66666666667
Crambidae,Hemiscopis,Hemiscopis cinereum,400.4417,1002
Noctuidae,Mythimna,Mythimna exsanguis,381.45157,168.5
Erebidae,Amata,Amata wilemani,1801.2129,1856.88888888889
Geometridae,Catoria,Catoria olivescens,514.9686,546.5
Crambidae,Heotia,Heotia vitessoides,394.82574,642.5
Geometridae,Cleora,Cleora contiguata contiguata,381.4944,532.6
Uraniidae,Phazaca,Phazaca theclatus,844.93695,245
Notodontidae,Phalerodonta,Phalerodonta manleyi formosana,1376.3073,1164.4
Geometridae,Pogonopygia,Pogonopygia nigralbata,893.2396,668.866666666667
Sphingidae,Marumba,Marumba sperchius sperchius,972.39813,1142.08333333333
Geometridae,Jodis,Jodis sp,974.82104,1443
Limacodidae,Mahanta,Mahanta kawadai,1535.07,1545.83333333333
Crambidae,Pleuroptya,Pleuroptya characteristica,313.19345,488
Erebidae,Corgatha,Corgatha atrifalcis,449.262,153.142857142857
Erebidae,Pangrapta,Pangrapta lunulata,311.464,329.25
Crambidae,Omiodes,Omiodes noctescens,505.669,548.714285714286
Erebidae,Lophoruza,Lophoruza pulcherrima,348.81644,333.307692307692
Geometridae,Discoglypha,Discoglypha hampsoni,1017.646,1727
Geometridae,Metallaxis,Metallaxis semiustus,826.2277,448.333333333333
Nolidae,Iragaodes,Iragaodes nobilis,749.1519,886.75
Geometridae,Mnesiloba,Mnesiloba dentifascia,720.6127,727.5
Erebidae,Calyptra,Calyptra minuticornis bisacutum,474.64343,529.833333333333
Erebidae,Sypnoides,Sypnoides chinensis,1712.5013,2098.33333333333
Tortricidae,Arcesis,Arcesis threnodes,881.5661,1080.75
Erebidae,Dierna,Dierna strigata,414.78436,380.5
Noctuidae,Viridistria,Viridistria viridipicta,1312.1495,1271.4
